question_id,text,ideal_answer,category,created_at,tags
c7421e91-2ebf-4424-90a1-9b18f0f187a9,Explain the concept of object-oriented programming and its importance in software development.,"A strong answer should demonstrate deep understanding of the methodology. The candidate should explain the performance characteristics, discuss trade-offs, and provide real-world examples of when to use the platform.",General SE,2025-10-04T12:48:07.921567,"['computer-science-fundamentals', 'software-engineering', 'technical-knowledge']"
a8563a9d-e8ce-4052-affd-5e16e4f56f8e,What are the key differences between interpreted and distributed systems?,"A strong answer should demonstrate deep understanding of the strategy. The candidate should explain the best practices, discuss trade-offs, and provide real-world examples of when to use the tool.",General SE,2025-10-04T12:48:07.922567,"['technical-architecture', 'system-design', 'technical-knowledge', 'computer-science-fundamentals', 'software-engineering']"
fff0e9c1-f5e5-433c-8e30-616ca3c4cf15,How does object-oriented programming work in fast-paced startup?,"A strong answer should demonstrate deep understanding of the technology. The candidate should explain the performance characteristics, discuss trade-offs, and provide real-world examples of when to use the service.",General SE,2025-10-04T12:48:07.922567,"['computer-science-fundamentals', 'software-engineering', 'technical-knowledge']"
5d48e4ca-eb3f-437a-bb7c-6a9a99205536,Describe the continuous integration pattern and when to use it.,"A strong answer should demonstrate deep understanding of the approach. The candidate should explain the security implications, discuss trade-offs, and provide real-world examples of when to use the library.",General SE,2025-10-04T12:48:07.922567,"['api-development', 'technical-knowledge', 'computer-science-fundamentals', 'software-engineering', 'service-integration']"
5c100bea-ec3b-46d9-ba64-c16164c21180,What are the advantages and disadvantages of Apache?,"A strong answer should demonstrate deep understanding of the pattern. The candidate should explain the best practices, discuss trade-offs, and provide real-world examples of when to use the approach.",General SE,2025-10-04T12:48:07.922567,"['computer-science-fundamentals', 'software-engineering', 'technical-knowledge']"
24de2157-2845-4c7a-a0b2-c77dadbdc907,Explain how domain-driven design impacts observability in software systems.,"A strong answer should demonstrate deep understanding of the paradigm. The candidate should explain the common pitfalls, discuss trade-offs, and provide real-world examples of when to use the framework.",General SE,2025-10-04T12:48:07.922567,"['technical-architecture', 'system-design', 'technical-knowledge', 'computer-science-fundamentals', 'software-engineering']"
31a54f6d-0907-4c3d-a664-b12c82b20ef2,What are the best practices for deployment in a remote team?,"A strong answer should demonstrate deep understanding of the paradigm. The candidate should explain the trade-offs involved, discuss trade-offs, and provide real-world examples of when to use the approach.",General SE,2025-10-04T12:48:07.922567,"['leadership', 'mentorship', 'technical-knowledge', 'team-management', 'computer-science-fundamentals', 'software-engineering']"
95d20e98-053f-4939-b90d-4635cb1f4060,How would you implement real-time updates using GitLab CI?,"A strong answer should demonstrate deep understanding of the framework. The candidate should explain the trade-offs involved, discuss trade-offs, and provide real-world examples of when to use the solution.",General SE,2025-10-04T12:48:07.922567,"['computer-science-fundamentals', 'software-engineering', 'technical-knowledge']"
01664047-cc6d-4e65-ac81-21844b4ce5ae,What are the security considerations for Node.js?,"A strong answer should demonstrate deep understanding of the algorithm. The candidate should explain the implementation details, discuss trade-offs, and provide real-world examples of when to use the platform.",General SE,2025-10-04T12:48:07.922567,"['security-practices', 'technical-knowledge', 'authentication-authorization', 'computer-science-fundamentals', 'software-engineering']"
c789dcf6-e538-4ea1-8cf4-a2782d2a6df9,Explain the trade-offs between columnar databases and monoliths.,"A strong answer should demonstrate deep understanding of the protocol. The candidate should explain the best practices, discuss trade-offs, and provide real-world examples of when to use the pattern.",General SE,2025-10-04T12:48:07.922567,"['query-optimization', 'data-modeling', 'technical-knowledge', 'computer-science-fundamentals', 'software-engineering', 'database-management']"
7f90a637-3be7-43d6-9f1a-abcb6bfbcdf1,How does microservices affect performance in software systems?,"A strong answer should demonstrate deep understanding of the methodology. The candidate should explain the trade-offs involved, discuss trade-offs, and provide real-world examples of when to use the solution.",General SE,2025-10-04T12:48:07.922567,"['technical-architecture', 'system-design', 'technical-knowledge', 'computer-science-fundamentals', 'software-engineering']"
3cf89428-ba82-46b1-a92f-76f724e678b2,What are the performance implications of using Kubernetes?,"A strong answer should demonstrate deep understanding of the paradigm. The candidate should explain the security implications, discuss trade-offs, and provide real-world examples of when to use the framework.",General SE,2025-10-04T12:48:07.922567,"['containerization', 'devops', 'technical-knowledge', 'cloud-infrastructure', 'computer-science-fundamentals', 'software-engineering']"
cfa96e3f-5f6e-4253-932b-928e3a38c01f,Explain the difference between {concept1} and {concept2} in web development.,"A strong answer should demonstrate deep understanding of the methodology. The candidate should explain the trade-offs involved, discuss trade-offs, and provide real-world examples of when to use the library.",General SE,2025-10-04T12:48:07.922567,"['computer-science-fundamentals', 'software-engineering', 'technical-knowledge']"
4fc536ec-45a2-4c52-a875-331b705c9ab8,How would you choose between in-memory databases and monoliths for enterprise software?,"A strong answer should demonstrate deep understanding of the paradigm. The candidate should explain the implementation details, discuss trade-offs, and provide real-world examples of when to use the pattern.",General SE,2025-10-04T12:48:07.922567,"['query-optimization', 'data-modeling', 'technical-knowledge', 'computer-science-fundamentals', 'software-engineering', 'database-management']"
6599acdd-29d4-42f9-b0f8-c3cca0c5c471,What are the scalability considerations when using PostgreSQL?,"A strong answer should demonstrate deep understanding of the architecture. The candidate should explain the trade-offs involved, discuss trade-offs, and provide real-world examples of when to use the library.",General SE,2025-10-04T12:48:07.922567,"['query-optimization', 'data-modeling', 'technical-knowledge', 'computer-science-fundamentals', 'software-engineering', 'database-management']"
a15c141e-855c-4444-90a0-5b158ed18a28,Describe a time when you led a team in a a tight deadline.,"Look for specific examples using the STAR method (Situation, Task, Action, Result). The candidate should demonstrate creativity and show how they resolved conflicts. Strong answers include metrics, challenges overcome, and lessons learned.",Behavioral,2025-10-04T12:48:07.922567,"['project-management', 'time-management', 'organization', 'behavioral-interview', 'professional-development', 'past-experience']"
bbbee150-aa5a-493e-86ea-d51128f98e57,Tell me about a situation where you had to collaborated remotely under data consistency needs.,"Look for specific examples using the STAR method (Situation, Task, Action, Result). The candidate should demonstrate creativity and show how they mentored others. Strong answers include metrics, challenges overcome, and lessons learned.",Behavioral,2025-10-04T12:48:07.922567,"['query-optimization', 'data-modeling', 'behavioral-interview', 'professional-development', 'past-experience', 'database-management']"
99880021-0382-4174-a044-874babccc4ee,Give an example of how you managed a project to achieve maintainability.,"Look for specific examples using the STAR method (Situation, Task, Action, Result). The candidate should demonstrate leadership and show how they scaled systems. Strong answers include metrics, challenges overcome, and lessons learned.",Behavioral,2025-10-04T12:48:07.922567,"['project-management', 'time-management', 'organization', 'behavioral-interview', 'professional-development', 'past-experience']"
4f0e0483-2bbf-4516-99e0-dd4ed0ca277a,Walk me through a time when you improved performance with product managers.,"Look for specific examples using the STAR method (Situation, Task, Action, Result). The candidate should demonstrate technical expertise and show how they optimized performance. Strong answers include metrics, challenges overcome, and lessons learned.",Behavioral,2025-10-04T12:48:07.922567,"['behavioral-interview', 'professional-development', 'past-experience', 'leadership', 'mentorship', 'team-management']"
a229e375-54fe-43c3-b202-7b4170373b5b,How did you handle a scope change in your previous role?,"Look for specific examples using the STAR method (Situation, Task, Action, Result). The candidate should demonstrate problem-solving and show how they innovated solutions. Strong answers include metrics, challenges overcome, and lessons learned.",Behavioral,2025-10-04T12:48:07.922567,"['behavioral-interview', 'professional-development', 'past-experience']"
fe351707-9027-45b4-987e-6372aea59078,Describe your approach to optimizing performance when cost optimization.,"Look for specific examples using the STAR method (Situation, Task, Action, Result). The candidate should demonstrate leadership and show how they delivered value. Strong answers include metrics, challenges overcome, and lessons learned.",Behavioral,2025-10-04T12:48:07.922567,"['behavioral-interview', 'professional-development', 'past-experience']"
7778bd88-56e3-4e8b-809e-f15c886b9e33,Tell me about a project where you had to negotiated with stakeholders and increase efficiency.,"Look for specific examples using the STAR method (Situation, Task, Action, Result). The candidate should demonstrate analytical thinking and show how they scaled systems. Strong answers include metrics, challenges overcome, and lessons learned.",Behavioral,2025-10-04T12:48:07.922567,"['project-management', 'time-management', 'organization', 'communication', 'behavioral-interview', 'professional-development']"
cac2edd4-59a9-4657-a896-4a5ae63dcb67,How do you typically handled a crisis in a high-pressure environment?,"Look for specific examples using the STAR method (Situation, Task, Action, Result). The candidate should demonstrate technical expertise and show how they achieved results. Strong answers include metrics, challenges overcome, and lessons learned.",Behavioral,2025-10-04T12:48:07.922567,"['behavioral-interview', 'professional-development', 'past-experience']"
a9579f3a-e52b-4f15-980e-8af36b09b725,Give me an example of a security breach you faced and how you led a team.,"Look for specific examples using the STAR method (Situation, Task, Action, Result). The candidate should demonstrate resilience and show how they scaled systems. Strong answers include metrics, challenges overcome, and lessons learned.",Behavioral,2025-10-04T12:48:07.922567,"['behavioral-interview', 'professional-development', 'past-experience', 'leadership', 'mentorship', 'team-management']"
7c7b4d54-7ba3-4ad9-9a68-6a209198dab5,Describe a time when you delivered results to resolve database connections.,"Look for specific examples using the STAR method (Situation, Task, Action, Result). The candidate should demonstrate resilience and show how they achieved results. Strong answers include metrics, challenges overcome, and lessons learned.",Behavioral,2025-10-04T12:48:07.922567,"['query-optimization', 'troubleshooting', 'critical-thinking', 'data-modeling', 'behavioral-interview', 'professional-development']"
fa4c17e0-e70e-4695-88ff-805cbacb3a73,How have you dealt with stakeholder management in your career?,"Look for specific examples using the STAR method (Situation, Task, Action, Result). The candidate should demonstrate resilience and show how they improved processes. Strong answers include metrics, challenges overcome, and lessons learned.",Behavioral,2025-10-04T12:48:07.922567,"['communication', 'behavioral-interview', 'professional-development', 'past-experience', 'conflict-resolution', 'leadership']"
694d4681-ce31-48c2-b6a8-a313af2b7eba,Tell me about a time you learned a new technology that went optimal configuration.,"Look for specific examples using the STAR method (Situation, Task, Action, Result). The candidate should demonstrate creativity and show how they achieved results. Strong answers include metrics, challenges overcome, and lessons learned.",Behavioral,2025-10-04T12:48:07.922567,"['behavioral-interview', 'professional-development', 'past-experience']"
e860d00e-619a-46f6-abb7-5b0b5924c6ed,Describe your experience with architecting solutions in a QA.,"Look for specific examples using the STAR method (Situation, Task, Action, Result). The candidate should demonstrate adaptability and show how they delivered value. Strong answers include metrics, challenges overcome, and lessons learned.",Behavioral,2025-10-04T12:48:07.922567,"['behavioral-interview', 'professional-development', 'past-experience', 'software-testing', 'quality-assurance', 'test-automation']"
2a7ddffe-2db2-48c2-8494-fcec10c3f0ec,How do you approach security audits when working with consultants?,"Look for specific examples using the STAR method (Situation, Task, Action, Result). The candidate should demonstrate communication and show how they achieved results. Strong answers include metrics, challenges overcome, and lessons learned.",Behavioral,2025-10-04T12:48:07.922567,"['behavioral-interview', 'professional-development', 'past-experience', 'authentication-authorization', 'security-practices']"
a130df53-da1e-4c06-82df-23b0c21e2872,Give an example of how you optimized a process to improve page load times.,"Look for specific examples using the STAR method (Situation, Task, Action, Result). The candidate should demonstrate communication and show how they mentored others. Strong answers include metrics, challenges overcome, and lessons learned.",Behavioral,2025-10-04T12:48:07.922567,"['behavioral-interview', 'professional-development', 'past-experience']"
3d975533-03d8-4aaf-a03f-1c22bc5536d8,How would you set up monitoring pipeline for streaming application?,"Strong answers demonstrate understanding of automation, monitoring, and reliability. The candidate should discuss Docker usage, deployment strategies, and incident response.",DevOps,2025-10-04T12:48:07.922567,"['automation', 'infrastructure', 'ci-cd-pipelines', 'deployment']"
758e3607-866d-4cc6-b4cb-1f405fd770e1,What are the best practices for log analysis in DevOps?,"Strong answers demonstrate understanding of automation, monitoring, and reliability. The candidate should discuss configuration management usage, deployment strategies, and incident response.",DevOps,2025-10-04T12:48:07.922567,"['automation', 'infrastructure', 'ci-cd-pipelines', 'deployment']"
5be6a7e4-9469-45c5-94f4-c9292053c447,How do you handle user experience in staging?,"Strong answers demonstrate understanding of automation, monitoring, and reliability. The candidate should discuss monitoring tools usage, deployment strategies, and incident response.",DevOps,2025-10-04T12:48:07.922567,"['automation', 'infrastructure', 'ci-cd-pipelines', 'deployment']"
33a6789e-899e-41d2-95b4-b0ff36f9ecc0,Explain your approach to writing documentation in CI/CD.,"Strong answers demonstrate understanding of automation, monitoring, and reliability. The candidate should discuss monitoring tools usage, deployment strategies, and incident response.",DevOps,2025-10-04T12:48:07.922567,"['automation', 'infrastructure', 'ci-cd-pipelines', 'deployment']"
c47ff02c-4e47-4bb7-b4e1-7a4d90f9e295,What are the monitoring strategies for social media app?,"Strong answers demonstrate understanding of automation, monitoring, and reliability. The candidate should discuss infrastructure automation usage, deployment strategies, and incident response.",DevOps,2025-10-04T12:48:07.922567,"['automation', 'infrastructure', 'ci-cd-pipelines', 'deployment']"
ef5192fa-f38a-47e5-9bf9-e3514dd558d9,How do you ensure deployability in deployment pipelines?,"Strong answers demonstrate understanding of automation, monitoring, and reliability. The candidate should discuss monitoring tools usage, deployment strategies, and incident response.",DevOps,2025-10-04T12:48:07.922567,"['automation', 'infrastructure', 'ci-cd-pipelines', 'deployment']"
27dedbd8-d20b-42c6-a067-f91fd32b68a3,Describe your experience with Nginx in production.,"Strong answers demonstrate understanding of automation, monitoring, and reliability. The candidate should discuss infrastructure automation usage, deployment strategies, and incident response.",DevOps,2025-10-04T12:48:07.922567,"['automation', 'infrastructure', 'ci-cd-pipelines', 'deployment']"
dbf79317-321a-4f62-8965-fb9efef154c1,What are the security considerations for API gateways?,"Strong answers demonstrate understanding of automation, monitoring, and reliability. The candidate should discuss Kubernetes usage, deployment strategies, and incident response.",DevOps,2025-10-04T12:48:07.922567,"['automation', 'infrastructure', 'api-development', 'security-practices', 'deployment', 'authentication-authorization']"
acc8ed86-f1cf-473b-8b0b-c41f81036c5f,How do you handle service outage in production systems?,"Strong answers demonstrate understanding of automation, monitoring, and reliability. The candidate should discuss CI/CD platforms usage, deployment strategies, and incident response.",DevOps,2025-10-04T12:48:07.922567,"['technical-architecture', 'automation', 'infrastructure', 'deployment', 'system-design', 'ci-cd-pipelines']"
4b736355-cae9-4b1a-a8e8-9374f1cd168e,What are the automation strategies for planning sprints?,"Strong answers demonstrate understanding of automation, monitoring, and reliability. The candidate should discuss AWS usage, deployment strategies, and incident response.",DevOps,2025-10-04T12:48:07.922567,"['automation', 'infrastructure', 'ci-cd-pipelines', 'deployment']"
